"Country or Area","Year","Area","Month","Record Type","Reliability","Source Year","Value","Value Footnotes"
"United States of America","2009","Total","January","Data tabulated by year of occurrence","Final figure, complete","2012","337980",""
"United States of America","2009","Total","February","Data tabulated by year of occurrence","Final figure, complete","2012","316641",""
"United States of America","2009","Total","March","Data tabulated by year of occurrence","Final figure, complete","2012","347803",""
"United States of America","2009","Total","April","Data tabulated by year of occurrence","Final figure, complete","2012","337272",""
"United States of America","2009","Total","May","Data tabulated by year of occurrence","Final figure, complete","2012","345257",""
"United States of America","2009","Total","June","Data tabulated by year of occurrence","Final figure, complete","2012","346971",""
"United States of America","2009","Total","July","Data tabulated by year of occurrence","Final figure, complete","2012","368450",""
"United States of America","2009","Total","August","Data tabulated by year of occurrence","Final figure, complete","2012","359554",""
"United States of America","2009","Total","September","Data tabulated by year of occurrence","Final figure, complete","2012","361922",""
"United States of America","2009","Total","October","Data tabulated by year of occurrence","Final figure, complete","2012","347625",""
"United States of America","2009","Total","November","Data tabulated by year of occurrence","Final figure, complete","2012","320195",""
"United States of America","2009","Total","December","Data tabulated by year of occurrence","Final figure, complete","2012","340995",""
"United States of America","2008","Total","January","Data tabulated by year of occurrence","Final figure, complete","2011","356457",""
"United States of America","2008","Total","February","Data tabulated by year of occurrence","Final figure, complete","2011","338521",""
"United States of America","2008","Total","March","Data tabulated by year of occurrence","Final figure, complete","2011","350630",""
"United States of America","2008","Total","April","Data tabulated by year of occurrence","Final figure, complete","2011","346397",""
"United States of America","2008","Total","May","Data tabulated by year of occurrence","Final figure, complete","2011","354886",""
"United States of America","2008","Total","June","Data tabulated by year of occurrence","Final figure, complete","2011","348587",""
"United States of America","2008","Total","July","Data tabulated by year of occurrence","Final figure, complete","2011","375384",""
"United States of America","2008","Total","August","Data tabulated by year of occurrence","Final figure, complete","2011","373333",""
"United States of America","2008","Total","September","Data tabulated by year of occurrence","Final figure, complete","2011","367965",""
"United States of America","2008","Total","October","Data tabulated by year of occurrence","Final figure, complete","2011","357875",""
"United States of America","2008","Total","November","Data tabulated by year of occurrence","Final figure, complete","2011","323788",""
"United States of America","2008","Total","December","Data tabulated by year of occurrence","Final figure, complete","2011","353871",""
"United States of America","2006","Total","January","Data tabulated by year of occurrence","Final figure, complete","2008","340297",""
"United States of America","2006","Total","February","Data tabulated by year of occurrence","Final figure, complete","2008","319235",""
"United States of America","2006","Total","March","Data tabulated by year of occurrence","Final figure, complete","2008","356786",""
"United States of America","2006","Total","April","Data tabulated by year of occurrence","Final figure, complete","2008","329809",""
"United States of America","2006","Total","May","Data tabulated by year of occurrence","Final figure, complete","2008","355437",""
"United States of America","2006","Total","June","Data tabulated by year of occurrence","Final figure, complete","2008","358251",""
"United States of America","2006","Total","July","Data tabulated by year of occurrence","Final figure, complete","2008","367934",""
"United States of America","2006","Total","August","Data tabulated by year of occurrence","Final figure, complete","2008","387798",""
"United States of America","2006","Total","September","Data tabulated by year of occurrence","Final figure, complete","2008","374711",""
"United States of America","2006","Total","October","Data tabulated by year of occurrence","Final figure, complete","2008","367354",""
"United States of America","2006","Total","November","Data tabulated by year of occurrence","Final figure, complete","2008","351832",""
"United States of America","2006","Total","December","Data tabulated by year of occurrence","Final figure, complete","2008","356111",""
"United States of America","2005","Total","January","Data tabulated by year of occurrence","Final figure, complete","2007","331478",""
"United States of America","2005","Total","February","Data tabulated by year of occurrence","Final figure, complete","2007","309620",""
"United States of America","2005","Total","March","Data tabulated by year of occurrence","Final figure, complete","2007","349321",""
"United States of America","2005","Total","April","Data tabulated by year of occurrence","Final figure, complete","2007","332477",""
"United States of America","2005","Total","May","Data tabulated by year of occurrence","Final figure, complete","2007","346276",""
"United States of America","2005","Total","June","Data tabulated by year of occurrence","Final figure, complete","2007","350879",""
"United States of America","2005","Total","July","Data tabulated by year of occurrence","Final figure, complete","2007","357053",""
"United States of America","2005","Total","August","Data tabulated by year of occurrence","Final figure, complete","2007","369316",""
"United States of America","2005","Total","September","Data tabulated by year of occurrence","Final figure, complete","2007","363369",""
"United States of America","2005","Total","October","Data tabulated by year of occurrence","Final figure, complete","2007","344639",""
"United States of America","2005","Total","November","Data tabulated by year of occurrence","Final figure, complete","2007","335667",""
"United States of America","2005","Total","December","Data tabulated by year of occurrence","Final figure, complete","2007","348254",""
"United States of America","2004","Total","January","Data tabulated by year of occurrence","Provisional figure","2005","334000",""
"United States of America","2004","Total","February","Data tabulated by year of occurrence","Provisional figure","2005","317000",""
"United States of America","2004","Total","March","Data tabulated by year of occurrence","Provisional figure","2005","347000",""
"United States of America","2004","Total","April","Data tabulated by year of occurrence","Provisional figure","2005","334000",""
"United States of America","2004","Total","May","Data tabulated by year of occurrence","Provisional figure","2005","339000",""
"United States of America","2004","Total","June","Data tabulated by year of occurrence","Provisional figure","2005","346000",""
"United States of America","2004","Total","July","Data tabulated by year of occurrence","Provisional figure","2005","360000",""
"United States of America","2004","Total","August","Data tabulated by year of occurrence","Provisional figure","2005","357000",""
"United States of America","2004","Total","September","Data tabulated by year of occurrence","Provisional figure","2005","357000",""
"United States of America","2004","Total","October","Data tabulated by year of occurrence","Provisional figure","2005","337000",""
"United States of America","2004","Total","November","Data tabulated by year of occurrence","Provisional figure","2005","345000",""
"United States of America","2004","Total","December","Data tabulated by year of occurrence","Provisional figure","2005","348000",""
"United States of America","2003","Total","January","Data tabulated by year of occurrence","Final figure, complete","2005","329803",""
"United States of America","2003","Total","February","Data tabulated by year of occurrence","Final figure, complete","2005","307248",""
"United States of America","2003","Total","March","Data tabulated by year of occurrence","Final figure, complete","2005","336920",""
"United States of America","2003","Total","April","Data tabulated by year of occurrence","Final figure, complete","2005","330106",""
"United States of America","2003","Total","May","Data tabulated by year of occurrence","Final figure, complete","2005","346754",""
"United States of America","2003","Total","June","Data tabulated by year of occurrence","Final figure, complete","2005","337425",""
"United States of America","2003","Total","July","Data tabulated by year of occurrence","Final figure, complete","2005","364226",""
"United States of America","2003","Total","August","Data tabulated by year of occurrence","Final figure, complete","2005","360103",""
"United States of America","2003","Total","September","Data tabulated by year of occurrence","Final figure, complete","2005","359644",""
"United States of America","2003","Total","October","Data tabulated by year of occurrence","Final figure, complete","2005","354048",""
"United States of America","2003","Total","November","Data tabulated by year of occurrence","Final figure, complete","2005","320094",""
"United States of America","2003","Total","December","Data tabulated by year of occurrence","Final figure, complete","2005","343579",""
"United States of America","2002","Total","January","Data tabulated by year of occurrence","Final figure, complete","2003","330674",""
"United States of America","2002","Total","February","Data tabulated by year of occurrence","Final figure, complete","2003","303977",""
"United States of America","2002","Total","March","Data tabulated by year of occurrence","Final figure, complete","2003","331505",""
"United States of America","2002","Total","April","Data tabulated by year of occurrence","Final figure, complete","2003","324432",""
"United States of America","2002","Total","May","Data tabulated by year of occurrence","Final figure, complete","2003","339007",""
"United States of America","2002","Total","June","Data tabulated by year of occurrence","Final figure, complete","2003","327588",""
"United States of America","2002","Total","July","Data tabulated by year of occurrence","Final figure, complete","2003","357669",""
"United States of America","2002","Total","August","Data tabulated by year of occurrence","Final figure, complete","2003","359417",""
"United States of America","2002","Total","September","Data tabulated by year of occurrence","Final figure, complete","2003","348814",""
"United States of America","2002","Total","October","Data tabulated by year of occurrence","Final figure, complete","2003","345814",""
"United States of America","2002","Total","November","Data tabulated by year of occurrence","Final figure, complete","2003","318573",""
"United States of America","2002","Total","December","Data tabulated by year of occurrence","Final figure, complete","2003","334256",""
"United States of America","2001","Total","January","Data tabulated by year of occurrence","Final figure, complete","2002","335198",""
"United States of America","2001","Total","February","Data tabulated by year of occurrence","Final figure, complete","2002","303534",""
"United States of America","2001","Total","March","Data tabulated by year of occurrence","Final figure, complete","2002","338684",""
"United States of America","2001","Total","April","Data tabulated by year of occurrence","Final figure, complete","2002","323613",""
"United States of America","2001","Total","May","Data tabulated by year of occurrence","Final figure, complete","2002","344017",""
"United States of America","2001","Total","June","Data tabulated by year of occurrence","Final figure, complete","2002","331085",""
"United States of America","2001","Total","July","Data tabulated by year of occurrence","Final figure, complete","2002","351047",""
"United States of America","2001","Total","August","Data tabulated by year of occurrence","Final figure, complete","2002","361802",""
"United States of America","2001","Total","September","Data tabulated by year of occurrence","Final figure, complete","2002","342564",""
"United States of America","2001","Total","October","Data tabulated by year of occurrence","Final figure, complete","2002","344074",""
"United States of America","2001","Total","November","Data tabulated by year of occurrence","Final figure, complete","2002","323746",""
"United States of America","2001","Total","December","Data tabulated by year of occurrence","Final figure, complete","2002","326569",""
"United States of America","2000","Total","January","Data tabulated by year of occurrence","Final figure, complete","2001","330108",""
"United States of America","2000","Total","February","Data tabulated by year of occurrence","Final figure, complete","2001","317377",""
"United States of America","2000","Total","March","Data tabulated by year of occurrence","Final figure, complete","2001","340553",""
"United States of America","2000","Total","April","Data tabulated by year of occurrence","Final figure, complete","2001","317180",""
"United States of America","2000","Total","May","Data tabulated by year of occurrence","Final figure, complete","2001","341207",""
"United States of America","2000","Total","June","Data tabulated by year of occurrence","Final figure, complete","2001","341206",""
"United States of America","2000","Total","July","Data tabulated by year of occurrence","Final figure, complete","2001","348975",""
"United States of America","2000","Total","August","Data tabulated by year of occurrence","Final figure, complete","2001","360080",""
"United States of America","2000","Total","September","Data tabulated by year of occurrence","Final figure, complete","2001","347609",""
"United States of America","2000","Total","October","Data tabulated by year of occurrence","Final figure, complete","2001","343921",""
"United States of America","2000","Total","November","Data tabulated by year of occurrence","Final figure, complete","2001","333811",""
"United States of America","2000","Total","December","Data tabulated by year of occurrence","Final figure, complete","2001","336787",""
"United States of America","1999","Total","January","Data tabulated by year of occurrence","Final figure, complete","2001","319182",""
"United States of America","1999","Total","February","Data tabulated by year of occurrence","Final figure, complete","2001","297568",""
"United States of America","1999","Total","March","Data tabulated by year of occurrence","Final figure, complete","2001","332939",""
"United States of America","1999","Total","April","Data tabulated by year of occurrence","Final figure, complete","2001","316889",""
"United States of America","1999","Total","May","Data tabulated by year of occurrence","Final figure, complete","2001","328526",""
"United States of America","1999","Total","June","Data tabulated by year of occurrence","Final figure, complete","2001","332201",""
"United States of America","1999","Total","July","Data tabulated by year of occurrence","Final figure, complete","2001","349812",""
"United States of America","1999","Total","August","Data tabulated by year of occurrence","Final figure, complete","2001","351371",""
"United States of America","1999","Total","September","Data tabulated by year of occurrence","Final figure, complete","2001","349409",""
"United States of America","1999","Total","October","Data tabulated by year of occurrence","Final figure, complete","2001","332980",""
"United States of America","1999","Total","November","Data tabulated by year of occurrence","Final figure, complete","2001","315289",""
"United States of America","1999","Total","December","Data tabulated by year of occurrence","Final figure, complete","2001","333251",""
"United States of America","1998","Total","January","Data tabulated by year of occurrence","Final figure, complete","2000","319340",""
"United States of America","1998","Total","February","Data tabulated by year of occurrence","Final figure, complete","2000","298711",""
"United States of America","1998","Total","March","Data tabulated by year of occurrence","Final figure, complete","2000","329436",""
"United States of America","1998","Total","April","Data tabulated by year of occurrence","Final figure, complete","2000","319758",""
"United States of America","1998","Total","May","Data tabulated by year of occurrence","Final figure, complete","2000","330519",""
"United States of America","1998","Total","June","Data tabulated by year of occurrence","Final figure, complete","2000","327091",""
"United States of America","1998","Total","July","Data tabulated by year of occurrence","Final figure, complete","2000","348651",""
"United States of America","1998","Total","August","Data tabulated by year of occurrence","Final figure, complete","2000","344736",""
"United States of America","1998","Total","September","Data tabulated by year of occurrence","Final figure, complete","2000","343384",""
"United States of America","1998","Total","October","Data tabulated by year of occurrence","Final figure, complete","2000","332790",""
"United States of America","1998","Total","November","Data tabulated by year of occurrence","Final figure, complete","2000","313241",""
"United States of America","1998","Total","December","Data tabulated by year of occurrence","Final figure, complete","2000","333896",""
"United States of America","1997","Total","January","Data tabulated by year of occurrence","Final figure, complete","1999","317211",""
"United States of America","1997","Total","February","Data tabulated by year of occurrence","Final figure, complete","1999","291541",""
"United States of America","1997","Total","March","Data tabulated by year of occurrence","Final figure, complete","1999","321212",""
"United States of America","1997","Total","April","Data tabulated by year of occurrence","Final figure, complete","1999","314230",""
"United States of America","1997","Total","May","Data tabulated by year of occurrence","Final figure, complete","1999","330331",""
"United States of America","1997","Total","June","Data tabulated by year of occurrence","Final figure, complete","1999","321867",""
"United States of America","1997","Total","July","Data tabulated by year of occurrence","Final figure, complete","1999","346506",""
"United States of America","1997","Total","August","Data tabulated by year of occurrence","Final figure, complete","1999","339122",""
"United States of America","1997","Total","September","Data tabulated by year of occurrence","Final figure, complete","1999","333600",""
"United States of America","1997","Total","October","Data tabulated by year of occurrence","Final figure, complete","1999","328657",""
"United States of America","1997","Total","November","Data tabulated by year of occurrence","Final figure, complete","1999","307282",""
"United States of America","1997","Total","December","Data tabulated by year of occurrence","Final figure, complete","1999","329335",""
"United States of America","1996","Total","January","Data tabulated by year of occurrence","Final figure, complete","1998","314283",""
"United States of America","1996","Total","February","Data tabulated by year of occurrence","Final figure, complete","1998","301763",""
"United States of America","1996","Total","March","Data tabulated by year of occurrence","Final figure, complete","1998","322581",""
"United States of America","1996","Total","April","Data tabulated by year of occurrence","Final figure, complete","1998","312595",""
"United States of America","1996","Total","May","Data tabulated by year of occurrence","Final figure, complete","1998","325708",""
"United States of America","1996","Total","June","Data tabulated by year of occurrence","Final figure, complete","1998","318525",""
"United States of America","1996","Total","July","Data tabulated by year of occurrence","Final figure, complete","1998","345162",""
"United States of America","1996","Total","August","Data tabulated by year of occurrence","Final figure, complete","1998","346317",""
"United States of America","1996","Total","September","Data tabulated by year of occurrence","Final figure, complete","1998","336348",""
"United States of America","1996","Total","October","Data tabulated by year of occurrence","Final figure, complete","1998","336346",""
"United States of America","1996","Total","November","Data tabulated by year of occurrence","Final figure, complete","1998","309397",""
"United States of America","1996","Total","December","Data tabulated by year of occurrence","Final figure, complete","1998","322469",""
"United States of America","1995","Total","January","Data tabulated by year of occurrence","Final figure, complete","1997","316013",""
"United States of America","1995","Total","February","Data tabulated by year of occurrence","Final figure, complete","1997","295094",""
"United States of America","1995","Total","March","Data tabulated by year of occurrence","Final figure, complete","1997","328503",""
"United States of America","1995","Total","April","Data tabulated by year of occurrence","Final figure, complete","1997","309119",""
"United States of America","1995","Total","May","Data tabulated by year of occurrence","Final figure, complete","1997","334543",""
"United States of America","1995","Total","June","Data tabulated by year of occurrence","Final figure, complete","1997","329805",""
"United States of America","1995","Total","July","Data tabulated by year of occurrence","Final figure, complete","1997","340873",""
"United States of America","1995","Total","August","Data tabulated by year of occurrence","Final figure, complete","1997","350737",""
"United States of America","1995","Total","September","Data tabulated by year of occurrence","Final figure, complete","1997","339103",""
"United States of America","1995","Total","October","Data tabulated by year of occurrence","Final figure, complete","1997","330012",""
"United States of America","1995","Total","November","Data tabulated by year of occurrence","Final figure, complete","1997","310817",""
"United States of America","1995","Total","December","Data tabulated by year of occurrence","Final figure, complete","1997","314970",""
"United States of America","1994","Total","January","Data tabulated by year of occurrence","Final figure, complete","1996","320705",""
"United States of America","1994","Total","February","Data tabulated by year of occurrence","Final figure, complete","1996","301327",""
"United States of America","1994","Total","March","Data tabulated by year of occurrence","Final figure, complete","1996","339736",""
"United States of America","1994","Total","April","Data tabulated by year of occurrence","Final figure, complete","1996","317392",""
"United States of America","1994","Total","May","Data tabulated by year of occurrence","Final figure, complete","1996","330295",""
"United States of America","1994","Total","June","Data tabulated by year of occurrence","Final figure, complete","1996","329737",""
"United States of America","1994","Total","July","Data tabulated by year of occurrence","Final figure, complete","1996","345862",""
"United States of America","1994","Total","August","Data tabulated by year of occurrence","Final figure, complete","1996","352173",""
"United States of America","1994","Total","September","Data tabulated by year of occurrence","Final figure, complete","1996","339223",""
"United States of America","1994","Total","October","Data tabulated by year of occurrence","Final figure, complete","1996","330172",""
"United States of America","1994","Total","November","Data tabulated by year of occurrence","Final figure, complete","1996","319397",""
"United States of America","1994","Total","December","Data tabulated by year of occurrence","Final figure, complete","1996","326748",""
"United States of America","1993","Total","January","Data tabulated by year of occurrence","Final figure, complete","1995","323073",""
"United States of America","1993","Total","February","Data tabulated by year of occurrence","Final figure, complete","1995","304656",""
"United States of America","1993","Total","March","Data tabulated by year of occurrence","Final figure, complete","1995","342187",""
"United States of America","1993","Total","April","Data tabulated by year of occurrence","Final figure, complete","1995","327042",""
"United States of America","1993","Total","May","Data tabulated by year of occurrence","Final figure, complete","1995","335989",""
"United States of America","1993","Total","June","Data tabulated by year of occurrence","Final figure, complete","1995","335349",""
"United States of America","1993","Total","July","Data tabulated by year of occurrence","Final figure, complete","1995","352554",""
"United States of America","1993","Total","August","Data tabulated by year of occurrence","Final figure, complete","1995","350898",""
"United States of America","1993","Total","September","Data tabulated by year of occurrence","Final figure, complete","1995","348013",""
"United States of America","1993","Total","October","Data tabulated by year of occurrence","Final figure, complete","1995","332937",""
"United States of America","1993","Total","November","Data tabulated by year of occurrence","Final figure, complete","1995","316379",""
"United States of America","1993","Total","December","Data tabulated by year of occurrence","Final figure, complete","1995","331163",""
"United States of America","1992","Total","January","Data tabulated by year of occurrence","Final figure, complete","1993","334000",""
"United States of America","1992","Total","February","Data tabulated by year of occurrence","Final figure, complete","1993","304000",""
"United States of America","1992","Total","March","Data tabulated by year of occurrence","Final figure, complete","1993","360000",""
"United States of America","1992","Total","April","Data tabulated by year of occurrence","Final figure, complete","1993","330000",""
"United States of America","1992","Total","May","Data tabulated by year of occurrence","Final figure, complete","1993","361000",""
"United States of America","1992","Total","June","Data tabulated by year of occurrence","Final figure, complete","1993","333000",""
"United States of America","1992","Total","July","Data tabulated by year of occurrence","Final figure, complete","1993","352000",""
"United States of America","1992","Total","August","Data tabulated by year of occurrence","Final figure, complete","1993","350000",""
"United States of America","1992","Total","September","Data tabulated by year of occurrence","Final figure, complete","1993","357000",""
"United States of America","1992","Total","October","Data tabulated by year of occurrence","Final figure, complete","1993","345000",""
"United States of America","1992","Total","November","Data tabulated by year of occurrence","Final figure, complete","1993","332000",""
"United States of America","1992","Total","December","Data tabulated by year of occurrence","Final figure, complete","1993","326000",""
"United States of America","1991","Total","January","Data tabulated by year of occurrence","Final figure, complete","1993","335172",""
"United States of America","1991","Total","February","Data tabulated by year of occurrence","Final figure, complete","1993","309130",""
"United States of America","1991","Total","March","Data tabulated by year of occurrence","Final figure, complete","1993","344079",""
"United States of America","1991","Total","April","Data tabulated by year of occurrence","Final figure, complete","1993","335626",""
"United States of America","1991","Total","May","Data tabulated by year of occurrence","Final figure, complete","1993","353131",""
"United States of America","1991","Total","June","Data tabulated by year of occurrence","Final figure, complete","1993","334265",""
"United States of America","1991","Total","July","Data tabulated by year of occurrence","Final figure, complete","1993","362913",""
"United States of America","1991","Total","August","Data tabulated by year of occurrence","Final figure, complete","1993","366786",""
"United States of America","1991","Total","September","Data tabulated by year of occurrence","Final figure, complete","1993","356016",""
"United States of America","1991","Total","October","Data tabulated by year of occurrence","Final figure, complete","1993","348934",""
"United States of America","1991","Total","November","Data tabulated by year of occurrence","Final figure, complete","1993","323635",""
"United States of America","1991","Total","December","Data tabulated by year of occurrence","Final figure, complete","1993","341220",""
"United States of America","1990","Total","January","Data tabulated by year of occurrence","Final figure, complete","1991","330000",""
"United States of America","1990","Total","February","Data tabulated by year of occurrence","Final figure, complete","1991","316000",""
"United States of America","1990","Total","March","Data tabulated by year of occurrence","Final figure, complete","1991","342000",""
"United States of America","1990","Total","April","Data tabulated by year of occurrence","Final figure, complete","1991","330000",""
"United States of America","1990","Total","May","Data tabulated by year of occurrence","Final figure, complete","1991","368000",""
"United States of America","1990","Total","June","Data tabulated by year of occurrence","Final figure, complete","1991","361000",""
"United States of America","1990","Total","July","Data tabulated by year of occurrence","Final figure, complete","1991","364000",""
"United States of America","1990","Total","August","Data tabulated by year of occurrence","Final figure, complete","1991","362000",""
"United States of America","1990","Total","September","Data tabulated by year of occurrence","Final figure, complete","1991","362000",""
"United States of America","1990","Total","October","Data tabulated by year of occurrence","Final figure, complete","1991","361000",""
"United States of America","1990","Total","November","Data tabulated by year of occurrence","Final figure, complete","1991","333000",""
"United States of America","1990","Total","December","Data tabulated by year of occurrence","Final figure, complete","1991","350000",""
"United States of America","1989","Total","January","Data tabulated by year of occurrence","Final figure, complete","1991","320422",""
"United States of America","1989","Total","February","Data tabulated by year of occurrence","Final figure, complete","1991","308391",""
"United States of America","1989","Total","March","Data tabulated by year of occurrence","Final figure, complete","1991","339912",""
"United States of America","1989","Total","April","Data tabulated by year of occurrence","Final figure, complete","1991","318779",""
"United States of America","1989","Total","May","Data tabulated by year of occurrence","Final figure, complete","1991","336320",""
"United States of America","1989","Total","June","Data tabulated by year of occurrence","Final figure, complete","1991","330973",""
"United States of America","1989","Total","July","Data tabulated by year of occurrence","Final figure, complete","1991","356716",""
"United States of America","1989","Total","August","Data tabulated by year of occurrence","Final figure, complete","1991","366579",""
"United States of America","1989","Total","September","Data tabulated by year of occurrence","Final figure, complete","1991","357344",""
"United States of America","1989","Total","October","Data tabulated by year of occurrence","Final figure, complete","1991","344161",""
"United States of America","1989","Total","November","Data tabulated by year of occurrence","Final figure, complete","1991","325543",""
"United States of America","1989","Total","December","Data tabulated by year of occurrence","Final figure, complete","1991","335818",""
"United States of America","1988","Total","January","Data tabulated by year of occurrence","Final figure, complete","1990","310214",""
"United States of America","1988","Total","February","Data tabulated by year of occurrence","Final figure, complete","1990","298464",""
"United States of America","1988","Total","March","Data tabulated by year of occurrence","Final figure, complete","1990","321920",""
"United States of America","1988","Total","April","Data tabulated by year of occurrence","Final figure, complete","1990","309185",""
"United States of America","1988","Total","May","Data tabulated by year of occurrence","Final figure, complete","1990","325953",""
"United States of America","1988","Total","June","Data tabulated by year of occurrence","Final figure, complete","1990","328868",""
"United States of America","1988","Total","July","Data tabulated by year of occurrence","Final figure, complete","1990","346417",""
"United States of America","1988","Total","August","Data tabulated by year of occurrence","Final figure, complete","1990","354165",""
"United States of America","1988","Total","September","Data tabulated by year of occurrence","Final figure, complete","1990","346855",""
"United States of America","1988","Total","October","Data tabulated by year of occurrence","Final figure, complete","1990","331220",""
"United States of America","1988","Total","November","Data tabulated by year of occurrence","Final figure, complete","1990","314321",""
"United States of America","1988","Total","December","Data tabulated by year of occurrence","Final figure, complete","1990","321928",""
"United States of America","1987","Total","January","Data tabulated by year of occurrence","Final figure, complete","1990","305069",""
"United States of America","1987","Total","February","Data tabulated by year of occurrence","Final figure, complete","1990","283477",""
"United States of America","1987","Total","March","Data tabulated by year of occurrence","Final figure, complete","1990","317462",""
"United States of America","1987","Total","April","Data tabulated by year of occurrence","Final figure, complete","1990","307768",""
"United States of America","1987","Total","May","Data tabulated by year of occurrence","Final figure, complete","1990","319784",""
"United States of America","1987","Total","June","Data tabulated by year of occurrence","Final figure, complete","1990","321024",""
"United States of America","1987","Total","July","Data tabulated by year of occurrence","Final figure, complete","1990","336381",""
"United States of America","1987","Total","August","Data tabulated by year of occurrence","Final figure, complete","1990","331351",""
"United States of America","1987","Total","September","Data tabulated by year of occurrence","Final figure, complete","1990","334058",""
"United States of America","1987","Total","October","Data tabulated by year of occurrence","Final figure, complete","1990","326392",""
"United States of America","1987","Total","November","Data tabulated by year of occurrence","Final figure, complete","1990","306346",""
"United States of America","1987","Total","December","Data tabulated by year of occurrence","Final figure, complete","1990","320282",""
"United States of America","1986","Total","January","Data tabulated by year of occurrence","Final figure, complete","1988","306183",""
"United States of America","1986","Total","February","Data tabulated by year of occurrence","Final figure, complete","1988","282526",""
"United States of America","1986","Total","March","Data tabulated by year of occurrence","Final figure, complete","1988","312394",""
"United States of America","1986","Total","April","Data tabulated by year of occurrence","Final figure, complete","1988","304103",""
"United States of America","1986","Total","May","Data tabulated by year of occurrence","Final figure, complete","1988","315975",""
"United States of America","1986","Total","June","Data tabulated by year of occurrence","Final figure, complete","1988","307668",""
"United States of America","1986","Total","July","Data tabulated by year of occurrence","Final figure, complete","1988","334499",""
"United States of America","1986","Total","August","Data tabulated by year of occurrence","Final figure, complete","1988","333875",""
"United States of America","1986","Total","September","Data tabulated by year of occurrence","Final figure, complete","1988","334196",""
"United States of America","1986","Total","October","Data tabulated by year of occurrence","Final figure, complete","1988","319134",""
"United States of America","1986","Total","November","Data tabulated by year of occurrence","Final figure, complete","1988","293252",""
"United States of America","1986","Total","December","Data tabulated by year of occurrence","Final figure, complete","1988","312742",""
"United States of America","1985","Total","January","Data tabulated by year of occurrence","Final figure, complete","1987","304073",""
"United States of America","1985","Total","February","Data tabulated by year of occurrence","Final figure, complete","1987","281261",""
"United States of America","1985","Total","March","Data tabulated by year of occurrence","Final figure, complete","1987","310679",""
"United States of America","1985","Total","April","Data tabulated by year of occurrence","Final figure, complete","1987","301777",""
"United States of America","1985","Total","May","Data tabulated by year of occurrence","Final figure, complete","1987","317596",""
"United States of America","1985","Total","June","Data tabulated by year of occurrence","Final figure, complete","1987","308477",""
"United States of America","1985","Total","July","Data tabulated by year of occurrence","Final figure, complete","1987","333484",""
"United States of America","1985","Total","August","Data tabulated by year of occurrence","Final figure, complete","1987","336575",""
"United States of America","1985","Total","September","Data tabulated by year of occurrence","Final figure, complete","1987","331283",""
"United States of America","1985","Total","October","Data tabulated by year of occurrence","Final figure, complete","1987","322997",""
"United States of America","1985","Total","November","Data tabulated by year of occurrence","Final figure, complete","1987","301551",""
"United States of America","1985","Total","December","Data tabulated by year of occurrence","Final figure, complete","1987","310808",""
"United States of America","1984","Total","January","Data tabulated by year of occurrence","Final figure, complete","1986","292200",""
"United States of America","1984","Total","February","Data tabulated by year of occurrence","Final figure, complete","1986","281564",""
"United States of America","1984","Total","March","Data tabulated by year of occurrence","Final figure, complete","1986","303970",""
"United States of America","1984","Total","April","Data tabulated by year of occurrence","Final figure, complete","1986","285823",""
"United States of America","1984","Total","May","Data tabulated by year of occurrence","Final figure, complete","1986","299395",""
"United States of America","1984","Total","June","Data tabulated by year of occurrence","Final figure, complete","1986","298889",""
"United States of America","1984","Total","July","Data tabulated by year of occurrence","Final figure, complete","1986","325516",""
"United States of America","1984","Total","August","Data tabulated by year of occurrence","Final figure, complete","1986","335222",""
"United States of America","1984","Total","September","Data tabulated by year of occurrence","Final figure, complete","1986","326454",""
"United States of America","1984","Total","October","Data tabulated by year of occurrence","Final figure, complete","1986","321371",""
"United States of America","1984","Total","November","Data tabulated by year of occurrence","Final figure, complete","1986","296816",""
"United States of America","1984","Total","December","Data tabulated by year of occurrence","Final figure, complete","1986","301921",""
"United States of America","1983","Total","January","Data tabulated by year of occurrence","Final figure, complete","1986","297750",""
"United States of America","1983","Total","February","Data tabulated by year of occurrence","Final figure, complete","1986","276981",""
"United States of America","1983","Total","March","Data tabulated by year of occurrence","Final figure, complete","1986","310928",""
"United States of America","1983","Total","April","Data tabulated by year of occurrence","Final figure, complete","1986","293920",""
"United States of America","1983","Total","May","Data tabulated by year of occurrence","Final figure, complete","1986","303224",""
"United States of America","1983","Total","June","Data tabulated by year of occurrence","Final figure, complete","1986","303957",""
"United States of America","1983","Total","July","Data tabulated by year of occurrence","Final figure, complete","1986","317969",""
"United States of America","1983","Total","August","Data tabulated by year of occurrence","Final figure, complete","1986","323960",""
"United States of America","1983","Total","September","Data tabulated by year of occurrence","Final figure, complete","1986","314468",""
"United States of America","1983","Total","October","Data tabulated by year of occurrence","Final figure, complete","1986","305777",""
"United States of America","1983","Total","November","Data tabulated by year of occurrence","Final figure, complete","1986","290944",""
"United States of America","1983","Total","December","Data tabulated by year of occurrence","Final figure, complete","1986","299055",""
"United States of America","1982","Total","January","Data tabulated by year of occurrence","Final figure, complete","1983","311000",""
"United States of America","1982","Total","February","Data tabulated by year of occurrence","Final figure, complete","1983","281000",""
"United States of America","1982","Total","March","Data tabulated by year of occurrence","Final figure, complete","1983","298000",""
"United States of America","1982","Total","April","Data tabulated by year of occurrence","Final figure, complete","1983","287000",""
"United States of America","1982","Total","May","Data tabulated by year of occurrence","Final figure, complete","1983","305000",""
"United States of America","1982","Total","June","Data tabulated by year of occurrence","Final figure, complete","1983","302000",""
"United States of America","1982","Total","July","Data tabulated by year of occurrence","Final figure, complete","1983","339000",""
"United States of America","1982","Total","August","Data tabulated by year of occurrence","Final figure, complete","1983","323000",""
"United States of America","1982","Total","September","Data tabulated by year of occurrence","Final figure, complete","1983","315000",""
"United States of America","1982","Total","October","Data tabulated by year of occurrence","Final figure, complete","1983","323000",""
"United States of America","1982","Total","November","Data tabulated by year of occurrence","Final figure, complete","1983","300000",""
"United States of America","1982","Total","December","Data tabulated by year of occurrence","Final figure, complete","1983","320000",""
"United States of America","1981","Total","January","Data tabulated by year of occurrence","Final figure, complete","1983","294632",""
"United States of America","1981","Total","February","Data tabulated by year of occurrence","Final figure, complete","1983","273234",""
"United States of America","1981","Total","March","Data tabulated by year of occurrence","Final figure, complete","1983","301691",""
"United States of America","1981","Total","April","Data tabulated by year of occurrence","Final figure, complete","1983","285578",""
"United States of America","1981","Total","May","Data tabulated by year of occurrence","Final figure, complete","1983","296323",""
"United States of America","1981","Total","June","Data tabulated by year of occurrence","Final figure, complete","1983","297935",""
"United States of America","1981","Total","July","Data tabulated by year of occurrence","Final figure, complete","1983","326182",""
"United States of America","1981","Total","August","Data tabulated by year of occurrence","Final figure, complete","1983","329870",""
"United States of America","1981","Total","September","Data tabulated by year of occurrence","Final figure, complete","1983","319971",""
"United States of America","1981","Total","October","Data tabulated by year of occurrence","Final figure, complete","1983","309106",""
"United States of America","1981","Total","November","Data tabulated by year of occurrence","Final figure, complete","1983","290843",""
"United States of America","1981","Total","December","Data tabulated by year of occurrence","Final figure, complete","1983","303873",""
"United States of America","1980","Total","January","Data tabulated by year of occurrence","Final figure, complete","1982","292009",""
"United States of America","1980","Total","February","Data tabulated by year of occurrence","Final figure, complete","1982","279961",""
"United States of America","1980","Total","March","Data tabulated by year of occurrence","Final figure, complete","1982","297309",""
"United States of America","1980","Total","April","Data tabulated by year of occurrence","Final figure, complete","1982","286780",""
"United States of America","1980","Total","May","Data tabulated by year of occurrence","Final figure, complete","1982","293687",""
"United States of America","1980","Total","June","Data tabulated by year of occurrence","Final figure, complete","1982","293018",""
"United States of America","1980","Total","July","Data tabulated by year of occurrence","Final figure, complete","1982","321836",""
"United States of America","1980","Total","August","Data tabulated by year of occurrence","Final figure, complete","1982","323129",""
"United States of America","1980","Total","September","Data tabulated by year of occurrence","Final figure, complete","1982","320536",""
"United States of America","1980","Total","October","Data tabulated by year of occurrence","Final figure, complete","1982","311312",""
"United States of America","1980","Total","November","Data tabulated by year of occurrence","Final figure, complete","1982","289580",""
"United States of America","1980","Total","December","Data tabulated by year of occurrence","Final figure, complete","1982","303101",""
"United States of America","1979","Total","January","Data tabulated by year of occurrence","Final figure, complete","1991","284463",""
"United States of America","1979","Total","February","Data tabulated by year of occurrence","Final figure, complete","1991","260981",""
"United States of America","1979","Total","March","Data tabulated by year of occurrence","Final figure, complete","1991","288637",""
"United States of America","1979","Total","April","Data tabulated by year of occurrence","Final figure, complete","1991","271159",""
"United States of America","1979","Total","May","Data tabulated by year of occurrence","Final figure, complete","1991","287126",""
"United States of America","1979","Total","June","Data tabulated by year of occurrence","Final figure, complete","1991","282277",""
"United States of America","1979","Total","July","Data tabulated by year of occurrence","Final figure, complete","1991","311157",""
"United States of America","1979","Total","August","Data tabulated by year of occurrence","Final figure, complete","1991","318023",""
"United States of America","1979","Total","September","Data tabulated by year of occurrence","Final figure, complete","1991","306666",""
"United States of America","1979","Total","October","Data tabulated by year of occurrence","Final figure, complete","1991","304119",""
"United States of America","1979","Total","November","Data tabulated by year of occurrence","Final figure, complete","1991","288271",""
"United States of America","1979","Total","December","Data tabulated by year of occurrence","Final figure, complete","1991","291519",""
"United States of America","1978","Total","January","Data tabulated by year of occurrence","Final figure, complete","1979","270695",""
"United States of America","1978","Total","February","Data tabulated by year of occurrence","Final figure, complete","1979","249898",""
"United States of America","1978","Total","March","Data tabulated by year of occurrence","Final figure, complete","1979","276584",""
"United States of America","1978","Total","April","Data tabulated by year of occurrence","Final figure, complete","1979","254585",""
"United States of America","1978","Total","May","Data tabulated by year of occurrence","Final figure, complete","1979","270818",""
"United States of America","1978","Total","June","Data tabulated by year of occurrence","Final figure, complete","1979","270704",""
"United States of America","1978","Total","July","Data tabulated by year of occurrence","Final figure, complete","1979","294704",""
"United States of America","1978","Total","August","Data tabulated by year of occurrence","Final figure, complete","1979","302805",""
"United States of America","1978","Total","September","Data tabulated by year of occurrence","Final figure, complete","1979","293903",""
"United States of America","1978","Total","October","Data tabulated by year of occurrence","Final figure, complete","1979","288965",""
"United States of America","1978","Total","November","Data tabulated by year of occurrence","Final figure, complete","1979","274679",""
"United States of America","1978","Total","December","Data tabulated by year of occurrence","Final figure, complete","1979","284939",""
"United States of America","1975","Total","January","Data tabulated by year of occurrence","Final figure, complete","1976","259173",""
"United States of America","1975","Total","February","Data tabulated by year of occurrence","Final figure, complete","1976","238153",""
"United States of America","1975","Total","March","Data tabulated by year of occurrence","Final figure, complete","1976","261608",""
"United States of America","1975","Total","April","Data tabulated by year of occurrence","Final figure, complete","1976","250992",""
"United States of America","1975","Total","May","Data tabulated by year of occurrence","Final figure, complete","1976","261572",""
"United States of America","1975","Total","June","Data tabulated by year of occurrence","Final figure, complete","1976","255734",""
"United States of America","1975","Total","July","Data tabulated by year of occurrence","Final figure, complete","1976","279744",""
"United States of America","1975","Total","August","Data tabulated by year of occurrence","Final figure, complete","1976","279937",""
"United States of America","1975","Total","September","Data tabulated by year of occurrence","Final figure, complete","1976","273750",""
"United States of America","1975","Total","October","Data tabulated by year of occurrence","Final figure, complete","1976","267841",""
"United States of America","1975","Total","November","Data tabulated by year of occurrence","Final figure, complete","1976","249907",""
"United States of America","1975","Total","December","Data tabulated by year of occurrence","Final figure, complete","1976","265787",""
"United States of America","1974","Total","January","Data tabulated by year of occurrence","Final figure, complete","1976","257455",""
"United States of America","1974","Total","February","Data tabulated by year of occurrence","Final figure, complete","1976","236551",""
"United States of America","1974","Total","March","Data tabulated by year of occurrence","Final figure, complete","1976","257951",""
"United States of America","1974","Total","April","Data tabulated by year of occurrence","Final figure, complete","1976","246469",""
"United States of America","1974","Total","May","Data tabulated by year of occurrence","Final figure, complete","1976","256986",""
"United States of America","1974","Total","June","Data tabulated by year of occurrence","Final figure, complete","1976","250525",""
"United States of America","1974","Total","July","Data tabulated by year of occurrence","Final figure, complete","1976","279630",""
"United States of America","1974","Total","August","Data tabulated by year of occurrence","Final figure, complete","1976","286496",""
"United States of America","1974","Total","September","Data tabulated by year of occurrence","Final figure, complete","1976","283718",""
"United States of America","1974","Total","October","Data tabulated by year of occurrence","Final figure, complete","1976","280280",""
"United States of America","1974","Total","November","Data tabulated by year of occurrence","Final figure, complete","1976","258011",""
"United States of America","1974","Total","December","Data tabulated by year of occurrence","Final figure, complete","1976","265886",""
"United States of America","1973","Total","January","Data tabulated by year of occurrence","Final figure, complete","1975","265775",""
"United States of America","1973","Total","February","Data tabulated by year of occurrence","Final figure, complete","1975","241045",""
"United States of America","1973","Total","March","Data tabulated by year of occurrence","Final figure, complete","1975","268849",""
"United States of America","1973","Total","April","Data tabulated by year of occurrence","Final figure, complete","1975","247455",""
"United States of America","1973","Total","May","Data tabulated by year of occurrence","Final figure, complete","1975","254545",""
"United States of America","1973","Total","June","Data tabulated by year of occurrence","Final figure, complete","1975","254096",""
"United States of America","1973","Total","July","Data tabulated by year of occurrence","Final figure, complete","1975","275163",""
"United States of America","1973","Total","August","Data tabulated by year of occurrence","Final figure, complete","1975","281300",""
"United States of America","1973","Total","September","Data tabulated by year of occurrence","Final figure, complete","1975","270738",""
"United States of America","1973","Total","October","Data tabulated by year of occurrence","Final figure, complete","1975","265494",""
"United States of America","1973","Total","November","Data tabulated by year of occurrence","Final figure, complete","1975","251973",""
"United States of America","1973","Total","December","Data tabulated by year of occurrence","Final figure, complete","1975","260532",""
"United States of America","1972","Total","January","Data tabulated by year of occurrence","Final figure, complete","1974","275912",""
"United States of America","1972","Total","February","Data tabulated by year of occurrence","Final figure, complete","1974","262305",""
"United States of America","1972","Total","March","Data tabulated by year of occurrence","Final figure, complete","1974","273054",""
"United States of America","1972","Total","April","Data tabulated by year of occurrence","Final figure, complete","1974","254538",""
"United States of America","1972","Total","May","Data tabulated by year of occurrence","Final figure, complete","1974","269698",""
"United States of America","1972","Total","June","Data tabulated by year of occurrence","Final figure, complete","1974","259620",""
"United States of America","1972","Total","July","Data tabulated by year of occurrence","Final figure, complete","1974","277654",""
"United States of America","1972","Total","August","Data tabulated by year of occurrence","Final figure, complete","1974","287834",""
"United States of America","1972","Total","September","Data tabulated by year of occurrence","Final figure, complete","1974","282333",""
"United States of America","1972","Total","October","Data tabulated by year of occurrence","Final figure, complete","1974","275130",""
"United States of America","1972","Total","November","Data tabulated by year of occurrence","Final figure, complete","1974","263987",""
"United States of America","1972","Total","December","Data tabulated by year of occurrence","Final figure, complete","1974","276346",""
"United States of America","1971","Total","January","Data tabulated by year of occurrence","Final figure, complete","1974","312190",""
"United States of America","1971","Total","February","Data tabulated by year of occurrence","Final figure, complete","1974","283444",""
"United States of America","1971","Total","March","Data tabulated by year of occurrence","Final figure, complete","1974","307718",""
"United States of America","1971","Total","April","Data tabulated by year of occurrence","Final figure, complete","1974","285730",""
"United States of America","1971","Total","May","Data tabulated by year of occurrence","Final figure, complete","1974","284332",""
"United States of America","1971","Total","June","Data tabulated by year of occurrence","Final figure, complete","1974","284944",""
"United States of America","1971","Total","July","Data tabulated by year of occurrence","Final figure, complete","1974","304912",""
"United States of America","1971","Total","August","Data tabulated by year of occurrence","Final figure, complete","1974","312416",""
"United States of America","1971","Total","September","Data tabulated by year of occurrence","Final figure, complete","1974","310822",""
"United States of America","1971","Total","October","Data tabulated by year of occurrence","Final figure, complete","1974","302542",""
"United States of America","1971","Total","November","Data tabulated by year of occurrence","Final figure, complete","1974","281112",""
"United States of America","1971","Total","December","Data tabulated by year of occurrence","Final figure, complete","1974","285808",""
"United States of America","1970","Total","January","Data tabulated by year of occurrence","Final figure, complete","1974","301870",""
"United States of America","1970","Total","February","Data tabulated by year of occurrence","Final figure, complete","1974","281100",""
"United States of America","1970","Total","March","Data tabulated by year of occurrence","Final figure, complete","1974","307068",""
"United States of America","1970","Total","April","Data tabulated by year of occurrence","Final figure, complete","1974","286624",""
"United States of America","1970","Total","May","Data tabulated by year of occurrence","Final figure, complete","1974","297648",""
"United States of America","1970","Total","June","Data tabulated by year of occurrence","Final figure, complete","1974","302798",""
"United States of America","1970","Total","July","Data tabulated by year of occurrence","Final figure, complete","1974","329904",""
"United States of America","1970","Total","August","Data tabulated by year of occurrence","Final figure, complete","1974","330712",""
"United States of America","1970","Total","September","Data tabulated by year of occurrence","Final figure, complete","1974","331830",""
"United States of America","1970","Total","October","Data tabulated by year of occurrence","Final figure, complete","1974","323764",""
"United States of America","1970","Total","November","Data tabulated by year of occurrence","Final figure, complete","1974","309012",""
"United States of America","1970","Total","December","Data tabulated by year of occurrence","Final figure, complete","1974","329056",""
"United States of America","1969","Total","January","Data tabulated by year of occurrence","Final figure, complete","1974","293940",""
"United States of America","1969","Total","February","Data tabulated by year of occurrence","Final figure, complete","1974","270786",""
"United States of America","1969","Total","March","Data tabulated by year of occurrence","Final figure, complete","1974","296550",""
"United States of America","1969","Total","April","Data tabulated by year of occurrence","Final figure, complete","1974","282638",""
"United States of America","1969","Total","May","Data tabulated by year of occurrence","Final figure, complete","1974","289124",""
"United States of America","1969","Total","June","Data tabulated by year of occurrence","Final figure, complete","1974","291610",""
"United States of America","1969","Total","July","Data tabulated by year of occurrence","Final figure, complete","1974","318356",""
"United States of America","1969","Total","August","Data tabulated by year of occurrence","Final figure, complete","1974","321034",""
"United States of America","1969","Total","September","Data tabulated by year of occurrence","Final figure, complete","1974","312620",""
"United States of America","1969","Total","October","Data tabulated by year of occurrence","Final figure, complete","1974","311972",""
"United States of America","1969","Total","November","Data tabulated by year of occurrence","Final figure, complete","1974","297054",""
"United States of America","1969","Total","December","Data tabulated by year of occurrence","Final figure, complete","1974","314522",""

